<?xml version="1.0" encoding="UTF-8"?>
<!DOCTYPE bindings PUBLIC "-//NetBeans//DTD Editor KeyBindings settings 1.1//EN" "http://www.netbeans.org/dtds/EditorKeyBindings-1_1.dtd">
<bindings>
    <bind actionName="caret-next-word" key="D-F"/>
    <bind actionName="caret-previous-word" key="D-B"/>
    <bind actionName="clipboard-history" key="D-Y"/>
    <bind actionName="completion-show" key="S-SPACE"/>
    <bind actionName="cut-to-clipboard" key="S-DELETE"/>
    <bind actionName="goto-declaration" key="DO-D"/>
    <bind actionName="io-github-yas99en-moreemacsnb-core-actions-BackwardKillWordAction" key="A-BACK_SPACE"/>
    <bind actionName="io-github-yas99en-moreemacsnb-core-actions-ToggleCommentRegionAction" key="D-SEMICOLON"/>
    <bind actionName="jump-list-last-edit" key="D-U$O-SPACE"/>
    <bind actionName="jump-list-next" key="DO-U"/>
    <bind actionName="jump-list-prev" key="O-U$O-SPACE"/>
    <bind actionName="match-brace" key="D-OPEN_BRACKET"/>
    <bind actionName="redo" key="SD-Z"/>
    <bind actionName="redo" key="SO-MINUS"/>
    <bind actionName="toggle-rectangular-selection" key="SD-R"/>
    <bind key="O-C$O-C" remove="true"/>
    <bind key="O-O" remove="true"/>
    <bind key="SO-W" remove="true"/>
    <bind key="CUT" remove="true"/>
    <bind key="A-BACK_SLASH" remove="true"/>
    <bind key="SA-F" remove="true"/>
    <bind key="A-PERIOD" remove="true"/>
    <bind key="OA-G" remove="true"/>
    <bind key="DO-G" remove="true"/>
    <bind key="SD-F" remove="true"/>
    <bind key="O-X$U" remove="true"/>
    <bind key="A-0$O-K" remove="true"/>
    <bind key="D-PERIOD" remove="true"/>
    <bind key="UNDO" remove="true"/>
    <bind key="D-BACK_SPACE" remove="true"/>
    <bind key="O-I" remove="true"/>
</bindings>
